date,content,username
2023-01-28 09:32:00+00:00,@eNGOthai #จกตา ด้วย #จกกี ด้วยคร๊,NakedEquality
2022-09-25 15:38:45+00:00,"ถ้าเธอบอกว่าดี....
           ....เราก็ว่าดี🥴🤣🤣

#จกตา
#ป๊ายปายโอริโอ้ https://t.co/UEtAVgueoB",Apinya_najaaa
2022-09-09 07:41:30+00:00,"@BUdonsuk @Cookie97020934 คลุกน้ำลาย ชช.เองแหล่ะ ดีสุดละ 😂😂😂
#ขี้ฝอย #จกตา #สร้างภาพ",radhakarn
2022-05-13 19:25:53+00:00,ลูกค้าใน #สุรินทร์ ระวังดีนะคะ  ชอบเอารูปคนอื่นไปโพสต์รับงาน    #จกตา เคยมีลูกค้าบอกว่าไม่ตรงปก  หลอกว่ามีนมแปลงเพศเเล้ว https://t.co/BP6YhXibKY,Meme38450546
2022-03-31 00:04:00+00:00,"4 เหตุผลที่คนโดน #แกง #จกตา จาก #แก๊งคอลเซนเตอร์ 
มันดูเป็นเรื่องง่ายๆ สำหรับคนที่รู้ทัน
แต่มันเป็นเรื่องยากสำหรับคนอีกหลายคนที่เขารู้ไม่ทัน แล้วก็ต้องสังเวยด้วยเงินทองทรัพย์สินอีกมากมาย ข่าวออกเป็นว่าเล่น ทุกวันนี้ คนก็เริ่มรู้ทันและถ่ายเอามาลงโซเชียลกันมากมาย 

#PCTPolice https://t.co/WAjcs1vBxy",pctpolice
2021-06-28 14:24:11+00:00,"..#กลัวจริง ไม่ #จกตา แหละ..😂

ปล. ขออภัยในเสียงขำกลั้นไม่อยู่จริง ๆ 🤣
 #พราวมุกep13 https://t.co/w8odhSoNRb",TsP_304
2021-06-16 15:49:50+00:00,#จกตา ง่วงแค่ไหนก้อต้องทำงานกะดึก https://t.co/pF5kI44iLJ,RotsukolPutsom
2021-05-21 03:03:22+00:00,"เดี่ยวนี้ ขยะสังคมก็เป็น Idol ของพวกสามกลีบก็ได้ 
_________
#จกตา
#joktath https://t.co/4KBASFlYpG",truebeautyaus
2021-01-04 06:43:21+00:00,จะชอบอะไรก็ชอบไป แต่อย่ามาชอบเสือกได้ไหม สึด🤨🤬‼️#จกตา #มอร์นิ่งสดใสไปกับดัชชี่ #แคปชั่นกวนๆ #แคปชั่นปีใหม่ #แคปชั่นน่ารัก #แคปชั่นโดนๆ #แคปชั่นใหม่ #แคปชั่น2021 #แคปชั่นโควิด #แคปชั่นอ่อยแรง https://t.co/eWmmg8Z8Qj,aengpong
2020-12-12 06:10:37+00:00,หัวฟู แต่หน้าแน่น 4ชั่วโมงแห่งความหวัง 😂😂😂😂 #จกตา https://t.co/gxj1WEXbLW,AppleLAPIS
2020-12-12 05:02:38+00:00,#ซิลวี่ สายแดนซ์ cr. #จกตา #wonderframe https://t.co/TIgrxWTXxo,A_Pluem
2020-12-10 06:05:10+00:00,"ผลงานกำกับ ลำดับที่ 3 ของข้าพเจ้า #จกตา ฝากติดตามด้วยค่ะ 12.12.20 นี้ พร้อมกัน ทั่วโลก !!!! 

【 OFFICIAL TEASER 】 จกตา - WONDERFRAME https://t.co/9XnGK9Qdwp via @YouTube",AppleLAPIS
2020-10-28 01:54:14+00:00,"ถ้าเขาจะรัก..
ตัวจริงไม่เหมือนในรูปเขาก็รัก
#จกตา",milk59447637
2020-10-02 08:53:00+00:00,ก็แจ้งไปเลยว่า งานแถลงเปิดตัว ผบ.ตร.คนใหม่ ผู้คนจะได้ไม่ต้องคาดหวัง กรุคนนึงล่ะที่คิดว่าต้องได้ข่าวคืบหน้า คงแถลงคนร้าย ใหนได้ #จกตา เฉย🙄,SuN_Bunnag911
2020-09-15 06:11:42+00:00,"ตั้งใจว่าจะต่อฟิคตอนว่าง..ในสมองตอนนี้คือ ""ช่วยย้ำให้ฉันมั่นใจอีกทีเถอะ คนดี"" #จกตา #Txrbo 💜 มูฟออนไม่ได้เลยจ๊ะ 

#ฟิคจ้าวศรี #อุ้มบุญOG",Loog_Tumcial
2020-09-13 07:10:58+00:00,"ป้ายลิเกใน ep6 ที่ยังไม่เปลี่ยนเป็น บดินทร์ เทพทองใน ep7 นะ
คือนักแสดงใน ep ยังเป็นรุ่นเด็กอยู่ คือใส่ผิดแน่นอนจาก ดวงมณี เป็น ผไท!!!
#จกตา
#วาสนารัก 
#วาสนารักep6
#วาสนารักep7 
#วาสนารักep8 https://t.co/OPhpZieI4V",saltnsourchips
2020-09-12 16:50:13+00:00,"ภาพแตกๆ มองไกล ยังเห็นว่าควรสลับกันไหม
นี่ดูเพราะจุฬามณี กับณิชา
#จกตา
#วาสนารักEP7
#วาสนารัก https://t.co/6k44r3B0nK",saltnsourchips
2020-07-25 17:22:44+00:00,"เอาจริงๆ ถึงมันมีทั้งคนที่ลังเล และคนที่มั่นคงในเส้นทางของความชอบตัวเอง
แล้วถ้าจะมีคนสับสนแล้วมันผิดแปลกตรงไหน

รสนิยม รู้จักมั้ยยู
ไม่เคยลังเลตอนเลือกซื้อของหรือสั่งข้าวตามสั่งหรอ เออไม่ต่างกัน 555555

#อย่าบอกนะว่าไม่เคย #จกตา",mymintymint
2020-07-25 13:02:08+00:00,"ถ้าปล้นเงินมันบ่ได้  ปล้นใจแม่งสะบ้อ  
#จกตา🌈🌈🌈🌈 https://t.co/9LovlllvEi",PongSarayuth
2020-07-24 11:00:28+00:00,"โดน air Asia แกงหม้อใหญ่มาก 😡😡😡😡😡
จองไฟล์ทไปหาดใหญ่ 6.40 เพื่อจะให้ทันเรือ ไปหลีเป๊ะ ถูกเลื่อนเป็น08.35  ละคือต้องหารถเหมาไปท่าเรือเอง หรือต้องรอ รถ11.00 ละไปต่อเรือรอบ บ่ายสาม ถึงที่ พัก 5โมงเย็น ควรทำยังไงดีกับมัน
#airasia
#จกตา
#หลอกลวง 
ต่อไปนี้ถ้าเลี่ยงได้ก็จะไม่บินมัน https://t.co/nlaF2CvOb7",AaonNP
2020-07-21 09:23:56+00:00,ยินดีด้วยค่ะคุณได้รับรางวัล #จกตา ยอดเยี่ยม 5555 จกตาประชาชนมากค่า ในสตอรี่ไม่ตรงกับเรื่องจริงเลยน๊าาา #โป๊ะ โป๊ะตึ่งโป๊ะ 5555555555,EnvyMe_wm
2020-05-27 15:35:52+00:00,"เวปปลอมอย่าไปเชื่อนะทุกคน
#หลอกลวง #จกตา https://t.co/aV2uZdwJtl",dongnpa
2020-05-16 19:06:37+00:00,ถ้าแค่ไปคุมอัดร้องเขาไม่เรียกตัวเองว่า Producer รึเปล่าค่ะ #จกตา 55555,OopifzEve
2020-05-05 03:53:53+00:00,ดูรีวิวตู้หนังสือ โคตร ไม่เหมือนอะ #จกตา https://t.co/nQBfwXQuOy,yui1991_
2020-04-26 07:44:49+00:00,คิดถึงตอนประกวดทิฟฟานี้แล้วตกรอบ!!ทีหนูร้องไห้สิ..น่าจะเข้าใจคำว่าบูลลี่ดี..ลองกลับมาจนอีกครั้งไหม?ทั่งกลุ่มจะได้เข้าใจความจน..ไม่มีงาน..ไม่มีเงิน..ไม่มีคนรู้จักอีกครั้ง..อย่าทำนาบนหลังคน..สถาณะการประเทศไทยแบบนี้จะเห็นสันดานคนทัศนะคติทีแท้จริงก็ตอนนี้แหละ #สร้างภาพ #จกตา #นัทนิสา https://t.co/5TS6ukZ9Ld,OporLadyBoy69
2020-03-29 18:04:18+00:00,พักก่อนจ้าอี่สก๊อย ทำตัวไฮๆสูดท้ายสันดารสก๊อย ask real #จกตา #สก๊อย,Sopeababyneem
2020-03-09 16:14:44+00:00,"พูดอะไรให้เพื่อนฟังก็เหมือนพูดกับหมาเดี่ยวมันก็เอาไปเห่าให้คนอื่นฟัง
#ความหลับ #จกตา",dlpdct
2020-03-06 09:12:50+00:00,"ระวังนะค่ะ เพื่อนๆๆๆก็โดนมาเยอะ #จกตา

เวียดนามยัง 900 ของไทย แพงกว่านิดเดียวแต่ คุณภาพนะคะ

#เจลล้างมือแอลกอฮอล์ #หน้ากากอนามัยพร้อมส่ง #ไวรัสโคโรนา #COVID19 https://t.co/Hr74I3Pok5",Sukanya55895151
2020-03-02 16:16:31+00:00,@iiDudes @PPRP_Unofficial ตัวไร๊ #มองจากดาวอังคารยังรู้เลยว่าตอแหล #จกตา,Raoult_boy
2020-02-11 07:18:07+00:00,"แอคติ้งรออิวาสนา เอาไปเขียนโพสต์น้ำตาลูกผู้ชายชาติทหารเหรอ  มีสปริตลาออกหน่อย!!! แมนๆดิเห้ยยย 
อ้อลืมไปลาออกไม่ได้ต้องอยู่ผลาญงบประเทศต่อ🙄🙄  #กราดยิงโคราช #แถลงทั้งน้ำตา #จกตา #ตอแหลข้ามชาติ https://t.co/jCJWhVvxgK",minakawa69
2020-01-31 10:37:46+00:00,มันคือท่า #จกตา,bella_angellla
2020-01-28 05:01:40+00:00,เจอแต่ข่าวเชี้ยไรก็ไม่รู้ที่ได้เงินเร็วแต่ติดคุก  และได้เงินเรื่อยๆเพราะเรียกร้องคะแนนความสงสาร    ถ้าไม่เป็นโจรปล้นร้านทองก็เป็นขอทาน   #ลวงโลก  #จกตา  #ปลอม  !!!!!! มันถึงยุคที่คนมีเงินเขาต้องมาทำอะไรแบบนี้กันแล้วเหรอ,AGustzZ
2019-11-20 02:31:55+00:00,สุดท้ายก็ไม่ได้ถูกอย่างที่คิด และสุดท้ายคนที่เค้าไม่สามารถจ่ายเงินทีละหลายๆพันเพื่อเที่ยวที่ถูกลง ก็ต้องจ่ายที่ละเที่ยวอยู่ดี #จกตา,chuichatchavee
2019-09-19 06:28:14+00:00,"#มาแล้ววววว #จกตา
ช้าอดหมดก่อน
รีบจัดเลย
ลิปแท่งล่ะ49฿
2แท่ง90฿ 
คุ้มสุดคุ้มมากๆ🌈💧
สีสวย กันน้ำ แท่งไล่สีสวยมากๆ ฮิตมากในวัยรุ่น🤟💰
มี2สีให้เลือก
222 แดงตุ่น
227 ส้มอิฐ 
#สนใจสอบถามได้
📮: จ-ศ
#ชวนเพื่อนมาหาร  
#สนใจทักแชทเลยค้าาาาา 
#ลิป #ลิปสติก   #เครื่องสําอาง  #แต่งหน้า https://t.co/Me17tc4ZMf",panne50396597
2019-06-26 12:44:41+00:00,"👑👑 #มงลง ไม่ #จกตา สบู่ #อาร์แกน คือบับดี๊ย์...ดี ตรงที่ล้างหน้าแล้วผิวชุ่มชื่น ไม่ตึงหลังการล้าง ลดสาเหตุของการเกิดสิว ลดเลือนจุดด่างดำ ส่วนผสมไม่ 🐓ไก่กานะจ๊ะ

กลิ่นแบบหอมสดชื่นนะจ๊ะ  
ขนาด 100 กรัม
ราคา 195 บาท https://t.co/LBhavsTzAO",reviewboktoh
2019-06-01 13:23:20+00:00,"เราสงสารคนอื่น คนอื่นจะสงสารเราไหม 555555555555🔥🔥
#ปลง #จกตา #ต้องเร็วนะคะ #บาย",B_____amber
2019-05-15 06:42:08+00:00,สรุปเพื่อนกุบอกว่าเป็นรุก แต่ทำไมมันแอตเฟสรุกเต็มเฟรนด์เลยว่ะ #จกตา 🙄,urlgzs
2019-04-18 18:10:03+00:00,ร้อนจะตายยยย #จกตา https://t.co/dUPgipQeRH,cheerlab
2019-03-25 10:02:05+00:00,เกียจ ที่สุดคือ การที่คน มีผัว แต่กลับ บอก ไม่มี ผัว #จกตา #ขี้จ้ก #XDONGX,swh0hmN5ifSyBte
2019-03-24 23:23:54+00:00,ใจจริง งง ชิบหาย พลังประชารัฐ หน่ะ !! #จกตา,BeautyzKate
2019-03-02 05:38:25+00:00,ขาวจริงไม่มี #จกตา🔥 https://t.co/KoXQstaxjD,marisathaneerat
2018-11-03 15:36:47+00:00,มันตลกตรงที่ คุณบอกว่าคุณไม่ชอบผู้หญิงแต่งหน้า แล้วแฟนใหม่คุณแต่งหน้า คุณเป็นเหี้ยอะไรอ่ะ 🌼 #จกตา,CCSMIIII
2018-10-17 15:50:54+00:00,จะขิงเรื่องไหนก็ได้ แต่เรื่องหน้านี่อย่าให้พูดเยอะ #จกตา,kamewnew_
2018-08-31 13:15:39+00:00,"@.kristtps ทำไมไม่ตั้งชื่อไลน์ว่า Singtuan ไปด้วยเลยล่ะ!
คนเขาจะได้ไม่รู้ว่าแชทกับใคร!
#จกตา",Asp_om
2018-07-24 14:41:28+00:00,"#emmies #จือปาก #จกตา #เซ็กซี่ปะ 
#catstagram #catlover #cat 
#thisisacat #ทาสแมว @ มัสยิดอัลกุ๊บรอ @ อ่อนนุช 29 https://t.co/u6hh1Rv4GP",LLawoe
2018-07-14 17:33:36+00:00,"#​reviewschimz
#​รีวิวผู้ให้จริง
#แหกตา⁉️ #จกตา⁉️
#ห้ามเชื่อ‼️เด็ดขาดค่ะ
#อยากรู้ก็ต้องลอง
.
ทุกคนคงคิด #ใช้แอพรึเปล่า⁉️ #แต่งภาพรึเปล่า⁉️
#reviewschimz
พูดไปก็คงไม่เชื่อค่ะ… https://t.co/4Z0gMOpVRC",nwww_w_
2018-07-14 05:50:03+00:00,"#แหกตา⁉️ #จกตา⁉️
#ห้ามเชื่อ‼️เด็ดขาดค่ะ
#อยากรู้ก็ต้องลอง
.
ทุกคนคงคิด #ใช้แอพรึเปล่า⁉️ #แต่งภาพรึเปล่า⁉️
#reviewschimz
พูดไปก็คงไม่เชื่อค่ะ เพราะคุณไม่เปิดใจ ถ้าอยากรู้ต้องลองเองค่ะ @… https://t.co/dE7kdnRNPL",nwww_w_
2018-04-19 15:50:31+00:00,แฮ๊ชแท็กสำหรับวันนี้ #จกตา 55555 #บุพเพสันนิวาส,MAX639789
2018-04-14 13:08:57+00:00,เอางี้นะ “ซอนย่า คูลลิ่ง” ชื่อฝรั่งนามสกุลก็ฝรั่ง แล้วก็เป็นฝรั่งจริงๆด้วย ไม่มีทางที่จะไม่เก็ต phrase maybe in another life ของโจเซฟแน่ๆอะ #จกตา #สร้างดราม่า 555555 #TheFaceAllStars,hpghpl
2018-03-27 13:12:06+00:00,เห็นคนรีวิวขายของ บอกใช้สินค้าตัวนี้แล้วหน้าใสมากก แต่มึงแต่งหน้า!!! แค่นี้ก็จกตาแล้วเด้อ #จกตา,gornnatakorn
2018-03-27 05:59:16+00:00,"เรื่องจริง...ไม่เคยใช่
เรื่องที่ใช่...มันก็เลย
...ไม่เคยจริง...

#อกหัก #จกตา #ลวงตา #คําคมบาดจิต #แคปชั่นเศร้า #คิดมากไปหรือเปล่า #แคปชั่นโดนๆ #แคปชั่นความรู้สึก #ประโยคนึงสะดุ้งทั้งไทม์ไลน์ #ประโยคแซ่บแคปให้ด้วย #คำคมความรัก #เหนื่อยนักก็พักหน่อย #เจ็บไม่เคยจำ",QSiroros
2018-02-16 16:08:43+00:00,บางทีก็แอบรำคาญ ads  ม.ตัวเองบนรถไฟฟ้า #จกตา,satorugoojoo
2018-02-10 12:46:48+00:00,ตลกมิ้นเหมือนเดิม 5555 #จกตา อิหว่ะ #TheFaceAllStars,ap73_ap73
2017-12-29 23:47:35+00:00,เห็นหน้า ก็อื้มมมมมมจ่ะ #จกตา,iMa_BEll
2017-12-06 04:31:57+00:00,มินกยูไม่หล่อ คาริสม่ามาขนาดนี้ อายุแค่นี้ยังหล่อขนาดนี้ โต กว่านี้จะหล่อเว่อเบอร์ไหน #จกตา #โตแล้วแรดได้ https://t.co/Tc9P2wzZUG,PSN_94
2017-12-05 03:28:49+00:00,ซื้อธีมผ่านน้องคนนึงที่รู้จัก แต่ไม่รู้ว่านางขายเองหรือเปล่า แต่แอ็คที่ส่งให้ไม่ตั้งเหี้ยไรเลย คือพร้อมแหกตามากอะ นางร้ายมากเลย ชั้นเสียเงินและชั้นก็ใช้ไม่คุ้มด้วย #คนโกง #แหกตา #จกตา #ขายสติ๊กเกอร์ธีมไลน์ https://t.co/0vEHcDFw4w,marerye
2017-11-30 13:17:06+00:00,อยู่ตรงนั้นเป็นไงบ้าง อยู่ตรงนี้สืบขี้มูกรับสายอยู่นะ 555+ #จกตา #อลอัว 🧡🧡🧡🧡🧡,aooaee
2017-11-29 15:19:28+00:00,"ศัพท์ใหม่ วันนี้ขอเสนอคำว่า
อย่ามาจุ้บจิ้บ 
#จกตา
#ตอแหล
#LetMeInThailand3",Sujitta1805
2017-11-03 11:56:05+00:00,ลอยกะทงวันนี้ หากฆะเจ้าจะ #จกตา ข่อย ขอให้จกบ่ได้🍜 #สะดุ้งตื่น😴,909tinee
2017-11-03 11:27:49+00:00,@chompookimi ไม่หลุดแบบนี้ค่ะ เราใช้อยู่ #จกตา!!!,uuuimo
2017-11-02 23:29:37+00:00,ยอดเข้าตลอดใครบอก #จกตา เอามาเท่าไหร่ก็ไม่เคยพอขาย #ใครสะดวกจะรวยแวะมาเลยจ้าา ✋🏻,Meennie23
2017-09-09 10:54:48+00:00,ถึงเธอจะตายยาก..ก็เถอะ #เดี๋ยวจะทวงความยุติธรรมจากกูอีก #สวยเนอะ #เทพสุราขาว #จกตา 🙄🙄🙄 https://t.co/bPdkG8hW2D,Aloha_tikkie
2017-08-14 16:30:33+00:00,ทีตอนแรกบอกเป็นคนไม่ติดโทรศัพท์ #จกตา,PapployPloy
2017-07-18 16:29:21+00:00,@Koike_Tempei ใช้โอกาสเปลืองทุกรอบที่มีดราม่าแม่งดีอยู่คลิปเดียว #จกตา พัฒนาอะไร ? ความเหี้ยหรือว่าไง?,mooddarkblue
2017-07-02 18:31:08+00:00,เจอผู้ชายเจ้าชู้ ผู้ชายเหยียบเรือสองแคม ยังไม่สู้หัวโปกที่จกตา #นอยด์ #แคปชั่นเด็ด #แคปชั่นเสี่ยว #หัวโปก #แคปชั่นโดนๆ #จกตา 😜,puriku_beauty
2017-06-26 03:35:00+00:00,โดนจกตาจนชิน 😂 #นกบวกนก #จกตา,puriku_beauty
2017-06-22 08:12:57+00:00,"ทดได้บ่ ทดเวลาอีกแหน่ได้บ่ #อีกสักเพลงไหมนักเรียน
#ให้โอวาทสักหน่อย
#จกตา https://t.co/tbOPM876Zx",konkotlnw
2017-05-19 06:18:28+00:00,ผงเผือกของแท้ 150 บาท ราคานี้เท่านั้น! ต่ำกว่านี้โครตปลอม #จกตา😏,Mizme_byfern
2017-04-07 04:07:16+00:00,พีคจริง #จกตา https://t.co/45LLYzu2n1,Tharonwii
2017-03-09 04:39:31+00:00,คุมงานครับ #jobfair #ยปออกาไนซ์ #จกตา 😜 @ หอประชุมใหญ่มหาวิทยาลัยเชียงใหม่ https://t.co/x9tX911BWS,BestWora
2017-03-06 15:28:49+00:00,"กรี๊ดด EP9 มาสักที ใครจะได้เข้า Top3 น้า ส่วนตัวเชียร์ ชิชิ ราชนีของถูก  #จกตา 555555
Rupaul's Drag Race Ss 8 EP.9 https://t.co/XnNBKvCx9d",Jeya_Ex
2017-02-04 03:32:35+00:00,"เจ็บไหม อีควายยยยยยยยย
#จกตา",Tharonwii
2017-01-27 13:45:09+00:00,วันนี้อิเด๋อพามาเที่ยวงานฤดูหนาวเเถวบ้าน พร้อมมาฝากตัวเป็นลูกสะไภ้คุณเเม่ #จกตา กรู้ววววว @Jew_Phongphat https://t.co/842d7ZVC5K,MODMOJO1
2017-01-08 11:43:28+00:00,"รุกอะไร คิ้วปลิง คอนแทคลายนางเสือ ยอมแล้ว5555555.
#จกตา",TarNawapon
2016-12-26 15:50:07+00:00,ไม่รู้จะสรรหาคำพูด คำเขียนใดใด ของตอนจบบัลลังหงษ์ #กั๊ดอก #จกตา,PloyPat01
2016-10-29 14:31:28+00:00,คนที่มาเห็นค่าในวันที่สายไปนี่น่าสมน้ำหน้าเนอะ #แบะปาก #มองบน #จกตา #ฟูลเทิร์น #บาย,Athitf
2016-10-23 06:21:36+00:00,คนเดี๋ยวนี้ทำไมลงรูปโคตรจกตา ไม่เหมือนตัวจริงแบบสุด #จกตา #อภินิหารมุมกล้อง,auntiecanteen
2016-10-02 03:56:53+00:00,"ซิมหยั่งมีหลายค่าย.. นับประสาหยั่งกับคนเจ้าชู้ มันสิบ่หลายใจ. :/
.
(คนคิดแคปชั่นกะคือกัน.. #จกตา "")",Noch_so_good
2016-09-07 11:36:57+00:00,แม่นอยู่ดี #ตาหลุด #ตาแตก #จกตา https://t.co/QsaiGH0cis,Martineynb
2016-04-24 04:56:22+00:00,มีคนใช้ดิสสีชมพูแนวพาสเทลบน TL 3 คน T w T #จกตา,piploychu
2016-04-21 11:16:36+00:00,หลอกลวง #จกตา https://t.co/cGVkrZFOjK,meawmeawcoffee
2016-03-24 12:05:09+00:00,นางก็ยังใช้ชีวิตเป็นปกติสุขได้เนาะ หลอกเพื่อนหลอกที่บ้านขนาดนั้น หลักฐานที่พวกกูเจอก็เห็นชัดว่ามันเป็นไปไม่ได้ #จกตา,opalm_ts
2016-02-05 11:10:06+00:00,"https://t.co/Uu6DHC6Au4
ชอบเพลงนี้มากก
เลยเล่นส่ะ #จกตา",panyapon_na
2016-01-16 03:52:29+00:00,เป็นคนที่เข้มแข็ง #จกตา,khunpop_pk
2016-01-04 17:14:22+00:00,#จกตา. อื้อหื้อ󾆐󾭙󾭛 — รู้สึกปวดร้าวว ก่อน นอน,wipaprononsin
2015-11-28 11:54:35+00:00,ซาลาเปาไส้ไก่สับ #จกตา https://t.co/GPj5LuqjNb,hobbyburn
2015-11-19 18:29:05+00:00,"แป๊ะๆๆ ๆ.  ๆ ๆ. 
#จกตา ( ไหม )",ipotzahahaha
2015-11-14 10:56:14+00:00,"สรุปแต่งหน้า ใส้ชุดเสร็ด ไม่ได้ไปค่ะ!  งงค่ะ  พูดไปพูดมา! พูดดีให้มันรู้เรื่องได้ไหมค่ะ?
#จกตา",jesadorn_2012je
2015-09-25 13:20:21+00:00,หลอกลวงอ้ะ555555555 #จกตา http://t.co/dQbzK3K96a,Barbieieieieiei
2015-09-20 12:32:06+00:00,กฏของการอยู่กับเด็ก คือต้องทำตัวเป็นเด็ก 555 😜👦👶 #จกตา https://t.co/41Bu8LrAHp,guunn42_
2015-09-14 13:23:31+00:00,เบื้องหลังของภาพ #จกตา #สายเหลือง #novodevilsondabeach2015 Cr. by @chompoolicious https://t.co/E36lQ7FbXZ,nashanoke
2015-08-22 03:01:26+00:00,สังคมดีไม่มีไรต้องอวดกัน #จกตา,forfanforfah
2015-08-08 17:16:41+00:00,โฮวววววว #แว่บแรกเห็นไอ้สีชมพูเป็นเสื้อใน #จกตา,View_View22
2015-06-30 05:30:15+00:00,เผือกเรื่องน้องตัวเองนี่มันสนุกดีจริมๆ 😂😂😂 #ไหนบอกว่าไม่มีแฟน #จกตา,sandchareeya
2015-06-14 05:30:23+00:00,การไปเที่ยวของพี่ทำให้พี่พลาด!!!! โฮกกกกกกกกกกกก #จกตา https://t.co/KFlt8RGtQY,le_chocola
2015-06-08 02:51:18+00:00,อันยอง..เช้าวันจันทร์นะครัช วันนี้พี่มีสอนนะ #จกตา #ง่วง #ตาเล็กหรือตาปรือ #ตาเล็กหรือจะหลับอ่ะไอ้ตี๋… https://t.co/N7SHtXG9Bj,HanJiiOppa
2015-06-02 11:13:25+00:00,ใสใสวัยรุ่นชอบ!! อ.อันยอง  😋 #เปิดเทอมใหม่ครัชชชช #จกตา #ขอบคุณที่รักกัน @ พื้นที่ส่วนตัวของ Hanjii… https://t.co/MBxuqP8eCD,HanJiiOppa
2015-06-02 01:30:00+00:00,Freshy !! 👱🏻 นักศึกษาหรืออาจารย์ เอ๊ะ..หรือภารโรง #เปิดเทอมใหม่ครัชชชช #จกตา #ตาหายไปไหน https://t.co/3NWBxViB74,HanJiiOppa
2015-05-25 14:33:03+00:00,ครูมนิสาค่ะ พวกหนู5/4ไม่อยากไปเลยค้ะ พวกหนูอยากเรียนกับครูมากๆเลยค่ะ แต่รองวีให้พวกหนูไป คิดถึงครูนะค่ะ #จกตา #RNfact,CSisamut
2015-05-22 16:26:36+00:00,"ไปถนนคนเดิน แต่เพื่อนๆสุดที่รัก
เช็คอินคอนเนอร์ และแท็กกูค่ะ #จกตา",Khunnjesthee
2015-05-02 17:45:26+00:00,รู้สึกสัสมากเลยรู้ว่าพวกมึงคิดอะไรกันอยู่แต่ทำห่าอะไรไม่ได้ #แกล้งโง่มันดี #ดูคนตอแหล #จกตา,Narintip_Pae
2015-03-16 14:17:54+00:00,เตนล์ใส่คอนแทคด้วยอ่ะ555555555 #จกตา,yokmiew
2015-03-14 09:44:01+00:00,ตัวคนเดียวมา2เดือนละ ชิลๆ #จกตา,Superjane_np
2015-03-08 06:27:50+00:00,#จกตา มากค่ะ http://t.co/ECgR3B98Zf,nanalovesinj
2015-02-22 01:56:58+00:00,แค่เปิดออกไปว่ารักเจ็บยิ่งนักเหมือนไม่เหลือใคร... #จกตา http://t.co/n1QfbrZsOe,PhettyH
2015-02-18 11:45:42+00:00,อย่านอนดึกนะครับพักผ่อนเยอะๆ - ค่ะหมอ 😊👌 #จกตา กินยาให้หมดด้วยนะครับ - จย้า 😌👌 #จกตา,khunpop_pk
2015-02-05 06:06:25+00:00,อีกสองคาบเลิกเรียน ตั้งใจเรียนแปป #จกตา ถถถถ นอนแปปฝันเด,khunpop_pk
2015-01-29 06:56:54+00:00,ครูแม่ง18+-0- ปอรับไม่ล่ายยย #จกตา,khunpop_pk
2015-01-17 12:44:18+00:00,@mmindp อุ้ยย สะดุ้ง5555555 เอาเงินไปซื้อเครื่องออกกำลังกายกันเถอะเพื่อน #จกตา,lowperrrrrrr
2015-01-16 11:15:23+00:00,@mildmelomelo คัล มาก#ว่างหรอ ว่าน ?? #จกตา,tm_papika
2015-01-09 14:30:18+00:00,ยุคมนุษย์สร้างภาพ ต่อหน้าลับหลัง #จกตา http://t.co/O1inH7jd4N,ThanyapornFern
2015-01-06 08:49:05+00:00,เดอะ ซิมส์เป็นหอยหลอดอะไร? เด้งทุก 3 นาที กูสร้างเซฮุนมา 3 วันแล้วนะ #จกตา,hms0611
2014-12-30 06:29:29+00:00,หรอครับ ที่พูดกับผมเมื่อกี้ หวังดีหรอครับ? วู้ววววววววว ขอบคุณนะ !!! เหอะๆ 💩 #จกตา @ โลก http://t.co/fb0pltni5V,ToomPaNuttz
2014-12-26 01:42:37+00:00,คิดถึงจังสมหมายยยยยของเพ่ 55555. #จกตา #ตอแหล #อยากกินส้ม #ซื้อมาฝากดิ้ #MORNING #วันนี้หยุด #สบายดิ่… http://t.co/vBb6OMRJgW,khunpop_pk
2014-12-16 14:32:55+00:00,ตื่นเต้นๆ เกิดอะไรขึ้น 5555555555555555555 #จกตา,jjnstjj
2014-12-12 11:15:07+00:00,แกๆเป็นแฟนเรามั้ย #จกตา,mxsince
2014-12-06 17:14:07+00:00,@Fay_45023 เธอดีเกินไป #จกตา,mxsince
2014-11-25 12:02:37+00:00,"ไปเที่ยวกันมั้ย ??! 

อุต๊ะ 󾌩󾌩✌️ #จกตา http://t.co/vlUguM2emo",Somying1
2014-11-13 12:53:40+00:00,ถ้าสิวหายทั้งหน้าจะยอมชอบผู้หญิง 1 วัน #จกตา #กูเพลีย,byunfrunz
2014-11-11 08:19:46+00:00,อ่อออ อย่างนี้นี่เองงง #จกตา 👌💥,jewlyxxi
2014-10-27 04:28:21+00:00,#จกตา บนรถเท็กซี่. #คนขับถึงกับ??!!!😏😏😏😻😽. #เราจะไปไหนกันต้องดู จาก นาย กรณ์ - https://t.co/pqUAuckugJ,lanussix
2014-10-24 11:03:00+00:00,กุเกลียดใครกุจะจกตาใส่แม่งเล้ยยยยยย #จกตา,40695_
2014-10-24 11:02:24+00:00,55555555 กุจกตา #จกตา,40695_
2014-10-24 10:57:13+00:00,ขอถ่ายงานเสดเคลียการบ้านหมดพี่จะรีบไปเล่นฟิตเนสน่ะ กำลังกายก็จะออก ถ่ายงานก็จะถ่าย โอ้ย งานสำคัญกว่าใช่ไหม ###จกตา,Makawan_Tanthai
2014-10-22 06:15:27+00:00,รอแข่งรอบบ่าย ต่อไป..... สู้!!!! 555󾭞✌️ #จกตา! http://t.co/mc4bfuLrm7,Itoeizaaohiyo
2014-10-15 16:26:39+00:00,#รำแคน #จกตา ตาวิเศษเห็นนะ😎 http://t.co/2OBSGk5QHi,malee0718
2014-10-15 15:12:37+00:00,"เบื่อเฟส!!!!
-ไลค์รูปโปร์ให้หน่อย
-ไลค์หายไปไหน
-ไลค์น้อยจัง
! ไลค์กูไม่มีสักไลค์ กูไม่เห็นต้องโพส !
#จกตา",KkimGyuGG
2014-10-12 17:17:18+00:00,ฉันจะรักใครไม่ได้อีก #ตอแหลไม่เนียน #จกตา,mxsince
2014-10-11 05:38:55+00:00,นี่เพิ่งจะตื่น !!! 󾰴 อีเว้นท์ก็เยอะ ... เพลียยยยยย #จกตา. — รู้สึกเหนื่อยล้า,Itoeizaaohiyo
2014-10-11 04:15:23+00:00,#จกตา บนรถเท็กซี่. #คนขับถึงกับ??!!!😏😏😏😻😽. #เราจะไปไหนกันต้องดู by นาย กรณ์ - https://t.co/w4w94j1tqL,cartoonpfcpalit
2014-10-09 12:52:21+00:00,เหนื่อยไหมพี่จ๋า  ที่ต้องคอยสร้างภาพ จกตา ให้คนอื่นมองว่าพี่เป็นคนใสๆ #อิอิ #อิตอแหล #จกตา #นี่แหน่ะ,Superjane_np
2014-10-09 10:56:14+00:00,#จกตา ชอบบบบบบบบบบบบบบ,ae_hottot
2014-10-07 17:15:01+00:00,เฉยๆกับเรื่องนี้ว่ะ #จกตา,sugarbabycooler
2014-10-07 08:32:47+00:00,#จกตา บนรถเท็กซี่. #คนขับถึงกับ??!!!😏😏😏😻😽. #เราจะไปไหนกันต้องดู จาก นาย กรณ์ - https://t.co/Agu22CW7DF,Dreamm_jub
2014-10-03 10:42:24+00:00,"จริงแล้วเป็นคนเรียบร้อยมาก 
สงบเสงี่ยมและเจียมตัวสุดๆ 
#จกตา #itme #โลกหมุนเร็วจนฉันตามไม่ทันแล้วพี่บัวลอย http://t.co/GbVHHTjWQu",sponteneous98
2014-10-03 05:19:42+00:00,คิดถึงแฮง #จกตา,__kkkjrp
2014-10-02 15:36:16+00:00,"ปี นี้ แซน จะ ไม่ มี "" แฟน "" 
#ย้างบะ #ฮาก่าย  #จกตา  -_____-",HOooSANDDYHOoo
2014-10-02 06:10:01+00:00,#จกตา บนรถเท็กซี่. #คนขับถึงกับ??!!!😏😏😏😻😽. #เราจะไปไหนกันต้องดู จาก นาย กรณ์ - https://t.co/s6XIRKj0YE,iiiemem
2014-09-29 13:18:26+00:00,ทีเเรกว่า ปวดคอ สาว่าตอนนี้เริ่ม ปวดฟัน ละ  คือ จะกินยาเเล้วจะนอนละนะ #ฝันดี ครับ #จกตา 555555 http://t.co/V7ftwK0Roi,chanel_s_d
2014-09-27 06:38:53+00:00,#จกตา บนรถเท็กซี่. #คนขับถึงกับ??!!!😏😏😏😻😽. #เราจะไปไหนกันต้องดู จาก นาย กรณ์ - https://t.co/EElsioQc3z,kanokkan1111
2014-09-27 04:01:03+00:00,#จกตา บนรถเท็กซี่. #คนขับถึงกับ??!!!😏😏😏😻😽. #เราจะไปไหนกันต้องดู จาก นาย กรณ์ - https://t.co/yTp8hacaYj,Amjung19
2014-09-25 19:19:13+00:00,เยเย่ ได้ซับใหม่อีกละ #จกตา! พูดตามพี่อ๋อยร๋อย 55555. จุบุจุบุอ่าส์.,M0N5TL3Zx
2014-09-25 19:15:43+00:00,กูฮาพี่อ๋อยร๋อย #จกตา! #จุบุจุบุอ่าส์ ~~~ 55555.,M0N5TL3Zx
2014-09-22 04:05:47+00:00,เชี้ย เชื่อกูม่าา ตื่นมา เเว่นอยู่บนหน้ากูเลย #จกตา ว่ะ 555 เฟียวฟร้าว ไม่รู้เเหล่ะกี่โมง ลืมตาปุป… http://t.co/4j5ZyoAZY0,chanel_s_d
2014-09-21 19:28:49+00:00,#จกตา บนรถเท็กซี่. #คนขับถึงกับ??!!!😏😏😏😻😽. #เราจะไปไหนกันต้องดู จาก นาย กรณ์ Palakorn - https://t.co/K196yYYeTY,Topbieclub
2014-09-19 14:47:13+00:00,#จกตา บนรถเท็กซี่. #คนขับถึงกับ??!!!😏😏😏😻😽. #เราจะไปไหนกันต้องดู by นาย กรณ์ Palakorn - https://t.co/gslEaQAJvy,SKAY46
2014-09-19 12:43:10+00:00,#จกตา บนรถเท็กซี่. #คนขับถึงกับ??!!!😏😏😏😻😽. #เราจะไปไหนกันต้องดู by นาย กรณ์ Palakorn - https://t.co/PSHK5z7uuE,prosirosirosiiq
2014-09-19 11:03:27+00:00,#จกตา บนรถเท็กซี่. #คนขับถึงกับ??!!!😏😏😏😻😽. #เราจะไปไหนกันต้องดู จาก นาย กรณ์ Palakorn - https://t.co/vDd1mE0bdP,wunnnpoyy
2014-09-19 03:04:40+00:00,#จกตา บนรถเท็กซี่. #คนขับถึงกับ??!!!😏😏😏😻😽. #เราจะไปไหนกันต้องดู จาก นาย กรณ์ Palakorn - https://t.co/FTPkHA81HY,Katai_Noiz
2014-09-18 13:00:01+00:00,ตั้งใจเรียนมากครับพูดเลย อาจารย์ถึงขนาดต้องมานั่งสอนกันตัวต่อตัวเลยทีเดียว #จกตา http://t.co/n8RMnpw7VM,OHM_MY
2014-09-18 12:03:49+00:00,#จกตา บนรถเท็กซี่. #คนขับถึงกับ??!!!😏😏😏😻😽. #เราจะไปไหนกันต้องดู จาก นาย กรณ์ Palakorn - https://t.co/oPsPYUq80c,jirapornsuir
2014-09-18 03:58:57+00:00,#จกตา บนรถเท็กซี่. #คนขับถึงกับ??!!!😏😏😏😻😽. #เราจะไปไหนกันต้องดู by นาย กรณ์ Palakorn - https://t.co/60kiFrQaHd,crppdch
2014-09-17 22:50:26+00:00,#จกตา บนรถเท็กซี่. #คนขับถึงกับ??!!!😏😏😏😻😽. #เราจะไปไหนกันต้องดู จาก นาย กรณ์ Palakorn - https://t.co/883NUzQd1a,ben602k
2014-09-17 18:00:32+00:00,#จกตา บนรถเท็กซี่. #คนขับถึงกับ??!!!😏😏😏😻😽. #เราจะไปไหนกันต้องดู จาก นาย กรณ์ Palakorn - https://t.co/NebIlPkqaV,weerakorn3
2014-09-17 17:20:51+00:00,#จกตา บนรถเท็กซี่. #คนขับถึงกับ??!!!😏😏😏😻😽. #เราจะไปไหนกันต้องดู จาก นาย กรณ์ Palakorn - https://t.co/d2I3Th1X7q,nootssara
2014-09-17 15:16:43+00:00,#จกตา บนรถเท็กซี่. #คนขับถึงกับ??!!!😏😏😏😻😽. #เราจะไปไหนกันต้องดู จาก นาย กรณ์ Palakorn - https://t.co/NUH65PbCxL,bbbbcnp
2014-09-17 14:58:39+00:00,#จกตา บนรถเท็กซี่. #คนขับถึงกับ??!!!😏😏😏😻😽. #เราจะไปไหนกันต้องดู จาก นาย กรณ์ Palakorn - https://t.co/aUT81dkFEb,ibmxhye
2014-09-17 14:04:16+00:00,#จกตา บนรถเท็กซี่. #คนขับถึงกับ??!!!😏😏😏😻😽. #เราจะไปไหนกันต้องดู จาก นาย กรณ์ Palakorn - https://t.co/9G08SUtxnT,Tao16055
2014-09-17 13:54:02+00:00,#จกตา บนรถเท็กซี่. #คนขับถึงกับ??!!!😏😏😏😻😽. #เราจะไปไหนกันต้องดู จาก นาย กรณ์ Palakorn - https://t.co/gAKAaJWVZm,ploynatthakamon
2014-09-17 13:34:51+00:00,#จกตา บนรถเท็กซี่. #คนขับถึงกับ??!!!😏😏😏😻😽. #เราจะไปไหนกันต้องดู จาก นาย กรณ์ Palakorn - https://t.co/wbEAAI7ZRv,HisoTis
2014-09-17 12:27:54+00:00,#จกตา บนรถเท็กซี่. #คนขับถึงกับ??!!!😏😏😏😻😽. #เราจะไปไหนกันต้องดู by นาย กรณ์ Palakorn - https://t.co/DkFt54lCYw,MayJunhyuk
2014-09-17 12:27:44+00:00,#จกตา บนรถเท็กซี่. #คนขับถึงกับ??!!!😏😏😏😻😽. #เราจะไปไหนกันต้องดู by นาย กรณ์ Palakorn - https://t.co/ig81bqJwvo,MayJunhyuk
2014-09-17 11:57:04+00:00,#จกตา บนรถเท็กซี่. #คนขับถึงกับ??!!!😏😏😏😻😽. #เราจะไปไหนกันต้องดู https://t.co/PJQNYc04fK,daynightmood
2014-09-17 11:09:55+00:00,#จกตา บนรถเท็กซี่. #คนขับถึงกับ??!!!😏😏😏😻😽. #เราจะไปไหนกันต้องดู จาก นาย กรณ์ Palakorn - https://t.co/kbjf9MxWp3,SUKONKATCHA
2014-09-17 10:11:57+00:00,#จกตา บนรถเท็กซี่. #คนขับถึงกับ??!!!😏😏😏😻😽. #เราจะไปไหนกันต้องดู จาก นาย กรณ์ Palakorn - https://t.co/2MDmqvCVoF,jack_ki122
2014-09-17 10:04:54+00:00,#จกตา บนรถเท็กซี่. #คนขับถึงกับ??!!!😏😏😏😻😽. #เราจะไปไหนกันต้องดู จาก นาย กรณ์ Palakorn - https://t.co/2FfRGKEl5J,mooser_mm
2014-09-17 09:48:56+00:00,#จกตา บนรถเท็กซี่. #คนขับถึงกับ??!!!😏😏😏😻😽. #เราจะไปไหนกันต้องดู จาก นาย กรณ์ Palakorn - https://t.co/Cmk06kngS3,Frame_heyza
2014-09-17 09:30:46+00:00,#จกตา บนรถเท็กซี่. #คนขับถึงกับ??!!!😏😏😏😻😽. #เราจะไปไหนกันต้องดู จาก นาย กรณ์ Palakorn - https://t.co/GIwRGlz1aX,nahmcolala
2014-09-17 09:23:37+00:00,#จกตา บนรถเท็กซี่. #คนขับถึงกับ??!!!😏😏😏😻😽. #เราจะไปไหนกันต้องดู https://t.co/OTlCaveCQA,olyjitladda
2014-09-17 01:01:17+00:00,#จกตา บนรถเท็กซี่. #คนขับถึงกับ??!!!😏😏😏😻😽. #เราจะไปไหนกันต้องดู จาก นาย กรณ์ Palakorn - https://t.co/h6v8X8lf1X,113Nannie
2014-09-17 01:01:11+00:00,#จกตา บนรถเท็กซี่. #คนขับถึงกับ??!!!😏😏😏😻😽. #เราจะไปไหนกันต้องดู จาก นาย กรณ์ Palakorn - https://t.co/T3htNfyaQF,primparimy
2014-09-16 18:05:36+00:00,#จกตา บนรถเท็กซี่. #คนขับถึงกับ??!!!😏😏😏😻😽. #เราจะไปไหนกันต้องดู จาก นาย กรณ์ Palakorn - https://t.co/C4r71pLOze,LUmphaivong
2014-09-16 17:34:50+00:00,#จกตา บนรถเท็กซี่. #คนขับถึงกับ??!!!😏😏😏😻😽. #เราจะไปไหนกันต้องดู จาก นาย กรณ์ Palakorn - https://t.co/LLFZoxI8nI,609Gun
2014-09-16 17:34:35+00:00,#จกตา บนรถเท็กซี่. #คนขับถึงกับ??!!!😏😏😏😻😽. #เราจะไปไหนกันต้องดู จาก นาย กรณ์ Palakorn - https://t.co/CH53Fb6oQp,Neng_nakonsai
2014-09-16 16:10:11+00:00,#จกตา บนรถเท็กซี่. #คนขับถึงกับ??!!!😏😏😏😻😽. #เราจะไปไหนกันต้องดู จาก นาย กรณ์ Palakorn - https://t.co/AGMl9Jb2x2,mim_m_i_m
2014-09-16 15:37:26+00:00,#จกตา บนรถเท็กซี่. #คนขับถึงกับ??!!!😏😏😏😻😽. #เราจะไปไหนกันต้องดู by นาย กรณ์ Palakorn - https://t.co/pw3ghATT5M,rrjammk
2014-09-16 14:54:34+00:00,#จกตา บนรถเท็กซี่. #คนขับถึงกับ??!!!😏😏😏😻😽. #เราจะไปไหนกันต้องดู จาก นาย กรณ์ Palakorn - https://t.co/qnfLxksVtx,NovanN22
2014-09-16 14:23:18+00:00,#จกตา บนรถเท็กซี่. #คนขับถึงกับ??!!!😏😏😏😻😽. #เราจะไปไหนกันต้องดู จาก นาย กรณ์ Palakorn - https://t.co/OeDPRhzaI4,wanmai553
2014-09-16 13:13:45+00:00,#จกตา บนรถเท็กซี่. #คนขับถึงกับ??!!!😏😏😏😻😽. #เราจะไปไหนกันต้องดู by นาย กรณ์ Palakorn - https://t.co/0BT3Lb3WGJ,khimodenajabb
2014-09-16 12:58:22+00:00,#จกตา บนรถเท็กซี่. #คนขับถึงกับ??!!!😏😏😏😻😽. #เราจะไปไหนกันต้องดู by นาย กรณ์ Palakorn - https://t.co/M483sMpjML,whycloudsocute
2014-09-16 12:46:50+00:00,#จกตา บนรถเท็กซี่. #คนขับถึงกับ??!!!😏😏😏😻😽. #เราจะไปไหนกันต้องดู จาก นาย กรณ์ Palakorn - https://t.co/O0j2T9LKOm,JennyBasic
2014-09-16 12:29:08+00:00,#จกตา บนรถเท็กซี่. #คนขับถึงกับ??!!!😏😏😏😻😽. #เราจะไปไหนกันต้องดู จาก นาย กรณ์ Palakorn - https://t.co/xQP3guUd0z,flungzaneedneed
2014-09-16 12:21:34+00:00,#จกตา บนรถเท็กซี่. #คนขับถึงกับ??!!!😏😏😏😻😽. #เราจะไปไหนกันต้องดู จาก นาย กรณ์ Palakorn - https://t.co/YkIHNWMSqx,TuktaTBZ
2014-09-16 11:22:17+00:00,#จกตา บนรถเท็กซี่. #คนขับถึงกับ??!!!😏😏😏😻😽. #เราจะไปไหนกันต้องดู จาก นาย กรณ์ Palakorn - https://t.co/t8lR68rQjC,leaw_manatsawee
2014-09-16 11:13:26+00:00,#จกตา บนรถเท็กซี่. #คนขับถึงกับ??!!!😏😏😏😻😽. #เราจะไปไหนกันต้องดู จาก นาย กรณ์ Palakorn - https://t.co/M5WGBqSF0T,Tiffyindy
2014-09-16 10:59:44+00:00,#จกตา บนรถเท็กซี่. #คนขับถึงกับ??!!!😏😏😏😻😽. #เราจะไปไหนกันต้องดู จาก นาย กรณ์ Palakorn - https://t.co/KAeeSh6NKE,PutsaraK
2014-09-16 10:45:31+00:00,#จกตา บนรถเท็กซี่. #คนขับถึงกับ??!!!😏😏😏😻😽. #เราจะไปไหนกันต้องดู จาก นาย กรณ์ Palakorn - https://t.co/gPUrAzfFH0,MILKMNP
2014-09-16 10:42:25+00:00,#จกตา บนรถเท็กซี่. #คนขับถึงกับ??!!!😏😏😏😻😽. #เราจะไปไหนกันต้องดู จาก นาย กรณ์ Palakorn - https://t.co/EvRCTEqINX,AJanyadee
2014-09-16 09:59:44+00:00,#จกตา บนรถเท็กซี่. #คนขับถึงกับ??!!!😏😏😏😻😽. #เราจะไปไหนกันต้องดู จาก นาย กรณ์ Palakorn - https://t.co/4RGSlhgD81,wvaara_
2014-09-16 08:56:26+00:00,#จกตา บนรถเท็กซี่. #คนขับถึงกับ??!!!😏😏😏😻😽. #เราจะไปไหนกันต้องดู จาก นาย กรณ์ Palakorn - https://t.co/pdrHeJu7w1,rinbeerr
2014-09-16 08:52:04+00:00,#จกตา บนรถเท็กซี่. #คนขับถึงกับ??!!!😏😏😏😻😽. #เราจะไปไหนกันต้องดู จาก นาย กรณ์ Palakorn - https://t.co/TEKpS9Zsnu,Thititam
2014-09-15 15:11:36+00:00,ทุกข์ก็จะยิ้ม สุขก็จะยิ้ม #ทุกสิ่งทุกอย่างจะผ่านไป #positivethinkingนะฮับ #หราาาทำได้หรา👅 #จกตา… http://t.co/prgs5o20Hl,aeliss1
2014-09-01 13:45:12+00:00,กูขอไม่พูดแล้วกัน #จกตา,wtfbube
2014-08-31 17:29:40+00:00,@G_kissada บางทีควรเก็บอารมณ์ไว้บ้าง อย่าเอาความต้องการของเราออกมาเยอะ 5555555555 #จกตา #กุก็เป็น ร้องไห้แปป,inkjetrunch
2014-08-27 14:26:23+00:00,"# สาวดุ้นเหรอมึ ง... โอ๊ย เสียสายตา #จกตา ""-",myugk_296
2014-08-27 07:59:43+00:00,ไม่ได้ตั้งใจจะซูมตูดกะเป้าคุณหนึ่งเลยนะ #ตามันไปเอง #ไสยๆ #ไม่เอาไม่หื่นสิ #จกตา,mon25196
2014-08-18 10:13:14+00:00,ทั้งวันเรียนวิชาเดียวเอง #จกตา,film995
2014-08-17 19:58:16+00:00,เจ็บคอเพราะเราหรือเปล่า? #ดึกแล้ว #อัพอะไรก้ได้ #เสียงอีปลอมล้วงขนมคือระ #จกตา http://t.co/3rLkSUYjrf,hms0611
2014-07-20 13:24:57+00:00,คือรูปเยอะมาก ตกจายย #งานเมา #บ๋วมเบ๋ม #จกตา http://t.co/ZjxPG21gxP,l2ainny
2013-11-10 16:28:27+00:00,"อะไรคือเมนมาแล้วพิมพ์แค่ ""^^"" อืมอืม #จกตา",BaeBaeBears
2013-10-30 08:51:45+00:00,นี่ตกใจ ตอนแรกอ่าน น้องกริบ แพศยา ฮืออออออ #จกตา 55555555555,iiploii
2013-09-28 04:00:28+00:00,อะไรเอ่ย #จกตา กันวันสุดท้าย,KatudHD
2013-04-18 13:34:15+00:00,เวลาเธอโดนถ่ายรูปแล้วมีอะไรมาปิดปากเธอนี่ ดูดีโคตรนะน้องจง น่ารักสุด #จกตา ฮือออออออออออออ http://t.co/jeffZG9Wg7,nettzue
2013-03-13 08:31:13+00:00,รองเท้ากู รองใคร แล้วรองเท้าเขา ? 555 #จกตา,phrim_scha
2013-01-05 13:50:36+00:00,@Steam981229 ไ(-.-ไ) #จกตา,GChanB1A4_thbot
2012-08-08 12:40:59+00:00,อย่าๆ อย่าแม้แต่จะคิด คึคึ #จกตา http://t.co/84o9g04y,_nannwtchh
2012-06-26 16:18:11+00:00,"เกลียดตัวเอง อีดอก ถ้าถ่ายรุปออกมาแล้ว จะอ้วน จะ ผอม ไม่ท่ากันซักรูป 
#จกตา",PA_FIRST
2012-03-29 13:38:35+00:00,"@MmarchXzy โหยใช้คำซะงงเลยวุ้ย ""จกตา"" = = ก็มัน #จกตา มากๆอะ ห้าๆ หรือแกสนใจจะลองงงงง",Sukoiinea
2012-03-10 15:56:32+00:00,@Noteworthiez #จกตา 'กินแบบนี(อ้วน)? ใช่มะ :)),Yokiiez_Bunny
